,Open,High,Low,Close,Volume
Open,1.0,0.9997047576446361,0.999575804862382,0.9993183456794347,-0.17576149678599415
High,0.9997047576446361,1.0,0.9995163180146382,0.9996632049295266,-0.16982998938294847
Low,0.999575804862382,0.9995163180146382,1.0,0.9997152574783887,-0.18625324673566884
Close,0.9993183456794347,0.9996632049295266,0.9997152574783887,1.0,-0.1790639645293178
Volume,-0.17576149678599415,-0.16982998938294847,-0.18625324673566884,-0.1790639645293178,1.0
