bcode,bname,tx_count,total_amount,avg_amount
A1,KASOA,14,90442.95016479492,6460.21072605678
A4,DANSOMAN,3,35791.9501953125,11930.650065104166
A3,LAGOS,1,1807.6700439453125,1807.6700439453125
