trantype,tx_count,total_amount,avg_amount
DEPOSIT,12,106470.79998779297,8872.566665649414
WITHDRAWAL,6,21571.770416259766,3595.2950693766275
